url,text
https://example-shop.local/item/1,Welcome to our store. Please add to cart and proceed to checkout. View our shipping and returns policy and customer reviews.
https://chemical-supply-test.local/product/fent-analogue,Providing top-tier research chemicals and synthetic compounds. Not for human consumption. Strictly for laboratory use. Stealth shipping and vacuum sealed packaging available.
https://news-portal.local/article/55,Breaking news today. Read full article on the latest global updates. Subscribe to our newsletter for more stories.
https://dark-market-demo.local/vendor/109,Monero only. Protected by our escrow system and multisig wallet. PGP public key required. Vacuum sealed decoy packaging and domestic reship policy.
https://saas-platform.local/pricing,Enterprise solutions for modern teams. Book a demo or request a quote. Check out our pricing plans and case studies.
https://phishing-sim.local/login,Urgent action required! Unusual login attempt detected. Verify your account immediately or your account will be suspended.
https://forum-board.local/thread/12,Join the discussion. View the latest replies and forum rules. Connect with active members. Forgot password?
https://research-chem-store.local/catalog,Offering pure research-chemical compounds, fentanyl precursors, and synthetic analogues. Fast delivery, stealth shipping, no signature required.
https://tech-blog.local/post/10,Published on Monday. 5 minute read. Read full article below. Please leave a comment and subscribe.
https://vendor-hub.local/item/99,Session ID and Wickr contact only. Vendor rating 4.9. Monero accepted, escrow system, finalize early. Double mylar packaging.
https://university-portal.local/admissions,Access the student portal. Review admissions requirements and our course catalog. Apply now for financial aid.
https://market-sample.local/product/44,High purity oxycodone and research chemical solutions. Stealth shipping, vacuum sealed bags, customs seizure reship policy.
https://travel-site.local/flights,Book a flight and check hotel reservations. Round trip and car rental options available.
https://banking-portal.local/login,Online banking login. Verify your account to prevent unauthorized access. Update your billing details now.
https://real-estate.local/homes,Homes for sale, schedule a tour or virtual tour. Real estate agent and mortgage calculator.
https://streaming-site.local/watch,Watch now and stream full episodes. Season 1 now available on all devices.
https://crypto-exchange.local/trade,Crypto trading platform. Multisig wallet security, zero-fee spot trading.
https://rc-vendor-test.local/list,Specializing in research chemicals, synthetic opioids, fentanyl analogues. Vacuum sealed stealth shipping, Monero only.
https://civic-portal.local/services,Official website of local public services. Citizen portal and tax guidelines.
https://freelance-hub.local/hire,Hire top freelance talent. Download resume and view my portfolio of projects.
https://community-group.local/events,Local community meetups and volunteer schedules. Get in touch for details.
https://industrial-parts.local/valves,Industrial valve manufacturing and custom engineering solutions. Request a quote.
https://pharma-rogue.local/item,Fentanyl patches and research chemicals. PGP public key required, Wickr ID listed. Vacuum sealed stealth shipping.
https://eco-blog.local/green-energy,Exploring renewable energy solutions and solar power generation for modern homes.
https://gaming-portal.local/news,Indie game development devlogs, pixel art canvas engines, and rogue-lite mechanics.
https://recipe-site.local/baking,Easy home-baked bread recipes with step-by-step instructions and ingredient checklists.
https://automotive-blog.local/ev,Electric vehicle charging standards and battery management system telemetry.
https://darknet-sample.local/store,Vendor page. Monero accepted, escrow system, stealth shipping, vacuum sealed double mylar.
https://fitness-tracker.local/app,Download our mobile fitness app to track daily workouts and calorie burn.
https://pet-supply.local/shop,Organic pet food, toys, and grooming products with fast home delivery.